id,name,address,time,phonenumber,desc,latitude,longitude,rating,review_count
1,수빈식당,서울특별시 광진구자양로5길22,,02-444-8286,"동네단골집, 사장님 음식솜씨좋가로 정평 나있음",37.53164405,127.0846309,0,0
2,최대패,서울 광진구 자양로13길 16 1층,매일 16시-새벽 01시,0507-1395-0123,"미나리,팽이버섯,상추,깻잎등 야채들을 상차림비없이 무한리필로 즐기세요",37.53569326,127.0830226,0,0
3,우리소양평 해장국 본점,서울 금천구 범안로1244,05시-22시(15시30분-16시30분 브레이크타임),02-893-5559,진하고 양도 많은데 가격까지 착함,37.46645062,126.9000658,0,0
4,화덕닭갈비 양재직영점,서울 서초구 강남대로10길 41,매일 13시30분-22시30분,02-575-5959,부드러운 식감과 풍부한 양 샐러드바까지 있는곳,37.46944578,127.041511,0,0
5,동해세수대야 동태탕 상봉점,서울 중랑구 망우로60길31,매일11시-22시,02-493-8820,"점장님도 인정하는 맛집,얼큰한 국물 생각나면 가는 맛집",37.5973982,127.0945944,0,0
6,원미정,서울 강동구 구천면로24길 15-1,10시 30분-22시,02-482-3525,진한 육개장 국물,37.54012538,127.1261599,0,0
7,나와참치,서울특별시 구로구 디지털로32다길 13 1층,매일 11시30분-23시30,02-838-5959,구로점 직원들의 회식 1순위 장소,37.48238517,126.900096,0,0
8,제주아방,서울특별시 용산구 한강대로 39길 6-8,매일16시30분-22시,0507-1408-5913,육즙가득 제주산 오겹과 얼큰 담백한 순두부찌개의 조화,37.53114078,126.9690936,0,0
9,짱수양꼬치 수서점,서울 강남구 광평로51길 6-11,매일 14시-00시,02-445-7130,"양꼬치,쌀국수집이 붙어있어 같이 먹기 좋았어요",37.48869435,127.1031909,0,0
10,호박집,서울특별시 영등포구 영등포로 237-1 성일빌딩,7시-22시30분,02-2634-9703,소주한잔 절로 생각나는 영둥포 순대국 명가,37.51975826,126.9078237,0,0
11,코끼리 만두,서울특별시 강서구 공항대로51길27,10시-21시30분,02-3662-1215,피는 얇고 속은 꽉 찬 김치만두 일명 이영자 만두,37.55550715,126.8572551,0,0
12,버치,서울특별시 영등포구 당산로34 로데오왁1층,10시-22시(14시30분-17시 브레이크타임),0507-1404-8997,"맛도 맛이지만 맛있게 만드는 인테리어, 계란 무제한",37.51762177,126.8964636,0,0
13,호수집,서울특별시 중구 청파로 443,11시30분-22시30분(14시-17시 브레이크타임),02-392-0695,"포포인즈호텔에서 10분거리, 사원에게 강추",37.5591754,126.9685116,0,0
14,숯불곱창 양대꾸이,서울특별시 강북구 도봉로8길 37-1,16시-02시,0507-1444-2222,"미아사거리 소곱창집 중 가장 인기가 좋은 집, 질이 좋다",37.61232675,127.032079,0,0
15,3일 한우 국밥,서울특별시 영등포구 영등포로 204,연중무휴 24시,02-2678-0117,국내산 한우를 숙성하여 사용하는 맛이 변함없는 곳,37.52008379,126.9040526,0,0
16,인평일등 추어탕,서울특별시 강남구 선릉로555 선릉빌딩1층 ,10시-22시,02-552-8889,"국내산 미꾸라지로 만든 영양만점 보양식, 가격도 8천원",37.50820121,127.0447754,0,0
17,갓포 쿠마카세,서울특별시 양천구 목동동로 228-12 1층,15시-21시,0507-1313-3380,우리나라의 제철 식재료로 만든 일본요리,37.52582991,126.8728346,0,0
18,도원,서울특별시 구로구 디지털로32길 30,평일 9시30분-21시,02-856-8988,깔끔하고 개운한 맛이 일품,37.48358546,126.8965369,0,0
19,민정식당,서울특별시 광진구 아차산로42길 41-4 1층,11시-22시(15시-16시30분 브레이크타임),02-452-3574,끓여먹는 수육으로 깊은 맛과 육질이 부드러움,37.5357789,127.0789679,0,0
20,왕십리불로원곱창,서울특별시 광진구 뚝섬로 596,16시-00시,02-446-7222,"체인점인데 자양동점이 맛있음, 숯불에 구워 잡내가 안남",37.53305771,127.0758892,0,0
21,대한곱창,서울특별시 광진구 능동로36길 10,매일 12시-01시30분,0507-1300-5207,"냄새가 나지않고, 쫄깃함. 곱이 풍부함",37.55631821,127.0796738,0,0
22,안녕식당,서울특별시 강동구 천호대로 159길 53,매일 11시30분-21시30분(15시30분-17시 브레이크타임),02-473-0543,"빈티지한 분위기,저렴한 가격에 깔끔한 음식",37.54005606,127.1281785,0,0
23,숙이네 조개전골,서울특별시 구로구 새말로16길 29,매일 16시-00시,02-861-6522,"복요리,조개요리 즐길수 있음, 특히 복지리 해장에 굿",37.5044567,126.8910986,0,0
24,신도림참족발,서울특별시 구로구 경안로 651 신도림1차 푸르지오,매일13시-23시,02-3439-7182,반반족발 강력추천!맵다면 냉 콩나물 국물로 마무리,37.50965036,126.8876144,0,0
25,이종구낙지세상 ,서울특별시 노원구 중계로 90 우암타운 1층,매일 10시30분-22시,02-930-9284,중계동 낙지볶음 매콤명태조림 숨겨진 노원구 맛집,37.64407286,127.0837522,0,0
26,서울맛집,서울특별시 성동구 성덕정15길 6-9,11시30분-22시,02-465-2533,"가격대비 맛, 상품품질 우수",37.53825723,127.0538617,0,0
27,옛날 한우곱창전문,서울특별시 강서구 등촌1동 647-9,15시-22시,0507-1335-8026,"등촌역 곱창 옛날 한우곱창 전문, 줄서서 먹는곳",37.55338372,126.8637261,0,0
28,송이족발,서울특별시 서초구 동산로2길 17,매일 16시-23시,02-564-3489,족발고기부분도 맛있는 송이족발,37.46919861,127.0422088,0,0
29,일미락,서울특별시 양천구 목동동로 226-16,매일 12시-23시,02-2642-9292,오목교 삼겹살 먹으로 고기집,37.52561994,126.8729878,0,0
30,강촌숯불닭갈비 본점,서울특별시 구로구 공원로6나길 35-2,15시-23시,02-851-2194,신도림역 닭갈비로 유명한 가로공원 맛집,37.50459965,126.8916675,0,0
31,옥탑방,서울 은평구 서오릉로 115 1층 ,12시-22시,0507-1331-6400,구산역 맛집,37.60994196,126.9192286,0,0
32,호와당,서울 강남구 봉은사로2길 37,매일 10시30분-22시,02-557-2070,강남역 맛집 대창덮밥먹으러 다녀온 노포식당,37.50234719,127.0265154,0,0
33,그믐족발 본점,서울 영등포구 경인로 79길 21,16시-23시(재료소진시 마감),0507-1350-6453,그믐족발 문래동 본점 꽈리 튀김족발의 원조집입니다,37.51365168,126.8930037,0,0
34,남영돈 ,서울 용산구 한강대로 80길 17,16시-21시,02-793-3598,웨이팅은 필수인 너무 맛있는 돼지고기,37.54296549,126.9736766,0,0
35,땀땀,서울 강남구 강남대로98길 12-5,11시-22시,02-554-8892,인기폭발 웨이팅 폭발 맛있는 매운 소곱창쌀국수,37.50052959,127.0279713,0,0
36,을지다락 도산공원,서울 강남구 언주로 168길 25 2층,11시30분-21시10분(15시10-16시30분 브레이크타임),0507-1358-9197,을지다락 맛도 분위기도 핫한 곳,37.52632036,127.0356249,0,0
37,양키스버거,서울 종로구 삼일대로 30길 30,매일 11시-21시,0507-1441-0815,포만감을 한번에 사로잡은 익선동 수제버거,37.57754259,126.9897766,0,0
38,홍대공감,서울 마포구 와우산로 17길10 2층,매일 15시-22시,0507-1319-1675,홍대 프리미엄 룸 이자카야,37.5504264,126.9224042,0,0
39,온천집,서울 종로구 돈화문로11나길 31-8,매일11시30분-21시30분(15시-17시 브레이크타임),0507-1378-8218,익선동 일본의 온천마을이 생각나느 1인 샤브샤브,37.57422576,126.9898393,0,0
40,100족발,서울 동작구 사당로 30길 154 1층,매일 16시-23시59분(일요일만 22시),0507-1338-9296,관악산 등산 후 먹은 사당역 최애 족발,37.47807341,126.9804524,0,0
41,갈비생각 발산점,서울 강서구 강서로 54길 42 1층,매일 11시-22시,0507-1381-1113,발산역에서 즐기는 포천 이동갈비,37.55897341,126.8410675,0,0
42,38도씨식당,서울 마포구 와우산로17길 19-17 2층,매일 12시-22시(16시-17시 브레이크타임),0507-1339-8387,자이언트 핑크가 운영하는 합정 파스타 맛집,37.54957571,126.9216102,0,0
43,금산제면소,서울중구 소공로6길 13,매일 11시-20시(주말 제외 평일 15시-16시 브레이크타임),제공 X,미쉐린 가이드 서울 2022,37.5587827,126.983726,0,0
44,히비,서울 용산구 백범로 87길 24 1층,매일 12-22시(15시-18시 브레이크타임),02-777-0578,열정도를 달구고 있는 삿포로 스프커리,37.53859164,126.9685428,0,0
45,카페 노티드 삼성,서울 강남구 테헤란로 103길9 1층,매일 10시-21시,0507-1359-9377,도넛이 맛있는 삼성역 노티드 카페,37.51017298,127.0639234,0,0
46,김씨육면,서울 마포구 독막로3길 28-7 1층,매일 11시30분-21시(16시-17시 브레이크타임),0507-1336-0313,합정역 이색 맛집,37.54965811,126.9175287,0,0
47,꽈페 연남본점,서울 마포구 동교로46길 20 1층,매일 10시30분-21시30분,0507-1446-7567,천재같은 꽈배기 카페겸 니트샵,37.5623912,126.9256903,0,0
48,마포우사미,서울 마포구 마포대로14가길 4,10시-00시,02-3273-8253,마포해물갈비찜 공덕동갈비찜으로 유명한 우사미 마포점,37.54902913,126.9558716,0,0
49,목란,서울 서대문구 연희로 15길 21,11시30분-21시20분(15시-17시 브레이크타임),02-732-1245,동파육과 멘보샤가 유명한 이연복쉐프 중식당,37.56858919,126.9305489,0,0
50,세상의 모든 아침,"서울 영등포구 여의대로 24 전경련회관 50층,51층",매일 10시-22시(16시17시 브레이크타임),02-2055-4442,창가석 전망 부가 멋진 여의도 브런치카페 레스토랑,37.52231016,126.9199075,0,0
51,랜디스도넛 연남점,서울 마포구 동교로 247,매일 11시-21시,0507-1368-0621,아이언맨2에서 스타크가 먹은 랜디스도넛 연남동점,37.56219719,126.9241604,0,0
52,오페라하우소,서울 강서구 마곡중앙6로 21 2층,11시-22시,02-2658-5854,마블링스코어9의 한우와 음악,37.56087018,126.8297897,0,0
53,한라산 청담점,서울 강남구 도산대로81길 51 루미안빌 루미안빌딩,매일 17시-22시,02-511-4890,분위기 있는 해산물 코스요리,37.52707105,127.0457156,0,0
54,킹박스,서울 강남구 강남대로 140길 9 로비층,11시-21시50분(15시-17시 브레이크 타임),02-546-1409,논현동 맛집 스타일리시한 중국집,37.5139922,127.0212171,0,0
55,스필더빈스,서울 마포구 성미산로 11 1층,12시-20시,0507-1434-9231,망원역 색깔담당 색감 맛집,37.55840212,126.9093103,0,0
56,디껨,서울 마포구 독막로3길 18 5층,매일 15시-22시,0507-1363-7304,합정역 인근에 위치한 자연의 다뜻함이 담긴 와인바,37.54905789,126.9169164,0,0
57,영천영화 청담점,서울 강남구 도산대로 90길 3 상민빌딩,매일0시(24시),0507-1402-0381,청담맛집 우톤치드 폴발하는 이영자 육회비빔밥,37.52392583,127.0495575,0,0
58,호우섬 더현대 서울점,서울영등포구 여의대로 108 파크원 더현대서울 지하 1층,"매일 10시30분-19시40분(금,토,일 20시10분까지)",0507-1344-0763,현지느낌 물씬드는 홍콩식 대중 음식점,37.5257869,126.928301,0,0
59,롯데호텔서울 라세느,서울 중구 을지로30,매일6시30분-21시,02-317-7171,뷔페 양갈비중에서 원탑인 레스토랑,37.56527943,126.9810579,0,0
60,피양콩할마니,서울 강남구 삼성로81길 30,매일11시30분-22시,02-508-0476,미슐랭 가이드 선정된 한식집,37.50407141,127.0552382,0,0
61,호호식당 익선,서울 종로구 익선동 170-1,매일11시-22시(15시-17시 브레이크타임),0507-1315-2384,내돈내산 분위기 좋은 익선동 한옥 맛집,37.57314604,126.9904497,0,0
62,카쿠시타,서울 마포구 동교로38길 33-15,"매일12시-새벽0시(금,토새벽 1시)",070-4189-8787,생활의 달인10대 맛의 달인 연남동 맛집,37.56180646,126.926117,0,0
63,로우앤슬로우,서울 용산구 보광로 126 2층,매일 12시-20시50분(매달첫번째 월요일 휴무),0507-1339-2268,돈스파이크의 고기쟁이들을 위한 바베큐식당,37.53397948,126.9941971,0,0
64,꽃밥에피다,서울 종로구 인사동 16길 3-6,매일11시30분-21시(15시-17시 브레이크타임),0507-1362-0276,"인사동 채식 레스토랑, 채식 코스요리",37.57524148,126.983965,0,0
65,크렘크럼블,서울 강남구 도산대로17길 41 지상1층,매일12시-20시(일요일 격주휴무),0507-1392-3337,"현주엽 가게 신사동 카페,겉바속촉크림브륄레 쿠키맛집",37.52116117,127.0236649,0,0
66,입분식가정집,서울 송파구 오금로 18길 10 2층,매일11시30분-21시,0507-1415-5952,송리단길핫플 맛있는 분식 예쁜곳,37.50995125,127.1104214,0,0
67,어글리베이커리,서울 마포구 월드컵로13길 73 1층,"12시-21시(매주월,화 정기휴무)",0507-1306-2018,서울 빵지순례 망원동 맘모스 맛집,37.55503619,126.9060081,0,0
68,런던 베이글뮤지엄,서울 종로구 북촌로 4길 20,매일 8시-18시,02-742-9652,"웨이팅, 기다린보람이 있는맛 베이글 맛집",37.57919343,126.9861891,0,0
69,태백산생고기,서울은평구 연서로 230-4,17시-22시(매주월요일 정기휴무),0507-1460-0413,운치있는 노포 고깃집,37.61832713,126.9209296,0,0
70,빙수야,서울성북구 종암로38길 16,12시30분-20시(매주일요일 정기휴무),010-6260-3750,길음 가성비 장난아닌 분식집 행복한 느낌은 덤,37.60629077,127.0322771,0,0
71,중앙해장,서울 강남구 영동대로86길 17 육안빌딩,매일7시-20시50분,02-558-7905,삼성역 얼큰시원 대존맛 유명한 곱창전골 맛집,37.50820883,127.065407,0,0
72,애플하우스,서울 동작구 동작대로27다길 29 2층,매일10시 30분-21시,02-595-1629,인기있는 즉석 떡볶이 맛집,37.48627416,126.9805783,0,0
73,텍사스데브라질 센트럴 시티점,서울 서초구 사평대로205 BP4-5호(7호선 고속터미널역 3번출구앞 전방 50m위치 지상1층 단독건물),매일11시-22시(16시-17시30분 브레이크타임),02-6282-5000,촌각을 다투는 고기뷔페 맛집,37.50441454,127.0078207,0,0
74,우와,서울 마포구 와우산로 21길 21-16 2층,매일 12시-22시(14시30분-17시 브레이크타임),0507-1414-9500,오사카의 맛 오코노미야끼 맛집,37.55169279,126.9221795,0,0
75,Gongi,"서울 용산구 이태원로45길 4 1,2층",매일12시-21시30분(15시-17시30분 브레이크타임),02-797-7753,한식집 fancy하고 정갈하게 식사하기 좋은 공기,37.53616328,126.9993147,0,0
76,현경 교대점,서울 서초구 서초대로51길 20 식당,매일 11시-22시,0507-1361-8535,교대 짜장면 짬뽕 잘하는 중국집,37.4958603,127.0142074,0,0
77,귀비주옥,서울 영등포구 경인로 79길 19 1층,매일 11시-22시(14시30분-16시30분 브레이크타임),0507-1331-2220,문래동에 오픈한 중식펍,37.51341036,126.8933413,0,0
78,포곤포곤,서울 양천구 목동동로12길 21 1층,"10시-19시(일,월 정기휴무)",0507-1387-4410,오목교 빵집 포근포근 목동 크라상 치아바타 맛집,37.52285375,126.8735493,0,0
79,바마셀,서울 용산구 원효로89길 12 건물뒷편1층,10시-19시(매주목요일 정기휴무),(번호없음),원효로 다양한 에스프레소가 있는 카페,37.54069175,126.9686207,0,0
80,정글포차,서울 동대문구 무학로 115 1층,17시-새벽3시(매주일요일 정기휴무),0507-1390-0808,"수제요리,해산물, 분위기 맛집",37.5744848,127.0304209,0,0
81,박과장의 조은회사,서울 성동구 독서당로312-1,매일11시30분-22시30분(15시-17시 브레이크타임),0507-1420-1037,두툼한 숙성회의 두께감을 느끼세요,37.54798449,127.0237381,0,0
82,바이킹스워프 롯데월드몰점,서울 송파구 올림픽로 300 롯데월드몰 4층,매일 12-21시(15시-18시 브레이크타임),1644-3210,바이킹스워프예약 후 다녀온 잠실랍스타뷔페,37.51356751,127.1039378,0,0
83,완도1957 별관,서울 강남구 학동로 338 지상1층 109호,매일16시30분-새벽4시,02-511-8937,"전복문어요리주점,우니한정판매",37.51635801,127.0405098,0,0
84,달구지,서울 영등포구 국회대로68길 7 지하1층2호,매일10시-22시,02-782-8858,"한우전문점,한식전문점입니다.",37.52937567,126.9194082,0,0
85,꾸울과자점,서울 마포구 와우산로22길 70 102호,"11시-21시(금,토,일 20시까지)",02-6351-1599,꿀꿀할때 꾸울 수제 디저트,37.54936969,126.9241101,0,0
86,아리아,서울 중구 소광로 106 웨스틴 조선 서울 저층 로비,"7시-21시30분(10시-11시30분,14시30분-17시30분 브레이크타임,토,일 21시50분까지",02-317-0357,서울 웨스턴조선호텔의 가보고싶은 뷔페,37.56436434,126.9800102,0,0
87,정돈 대학로본점,서울 종로구 대학로9길 12,매일11시30분-22시(14시-17시 브레이크 타임),0507-1408-0924,혜화역 대학로 맛집 수요미식회 나온 정돈 돈까스,37.5817796,127.0011027,0,0
88,SADDLER HAUS(새들러하우스),서울 강남구 도산대로 17길 10 B1새들러하우스,12시-20시(매주월요일 정기휴무),070-8265-5541,가로수길 새들러하우스 강민경 와플로 유명한 크로플 맛집,37.51935302,127.0248851,0,0
89,다다익선,서울 종로구 삼일대로 30길 46,"11시-22시(15시-17시 브레이크타임, 토,일 12시오픈)",0507-1423-6989,익선동 샤브샤브 세가지육수와 고퀄리티 버섯4종류,37.57419794,126.9902039,0,0
90,홍철책빵,서울 용산구 한강대로 102길 57,매일휴무(코로나로 전국배송서비스),(번호없음),헬리녹스와 노홍철 체어원 콜라보레이션 후암동 홍철책빵,37.54938404,126.9752292,0,0
91,우이락,서울 마포수 포은로8길22,매일 12-22시(15시-18시 브레이크타임),0507-1438-5594,"고추튀김, 전맛집, 막걸리 종류가 다양한곳",37.55638851,126.906003,0,0
92,테라스룸,서울 강남구 선릉로152길 37 올리브빌딩 테라스룸,11시30분-새벽2시(매주월요일 정기휴무),0507-1417-1041,파리 감성의 분위기 좋은 레스토랑,37.52456439,127.0427161,0,0
93,파이프그라운드,서울 용산구 한남대로27길 66 지하1층,"11시30분-21시(토,일11시-21시)",0507-1467-1500,"한남동 피자맛집, 옥수수 피자가 맛있는집",37.53960988,127.0029414,0,0
94,제스티살룬 성수,서울 성동구 서울숲2길 19 2층,11시30분-21시,0507-1371-2622,이영자 새우버거로 유명한 서울숲 수제버거집,37.54709995,127.0408564,0,0
95,소금집델리 망원,서울 마포구 월드컵로 19길14 2층,11시-21시(매주월요일 정기휴무),0507-1305-2617,망원 잠봉뵈르 샌드위치 맛집 ,37.55679314,126.9082524,0,0
96,서울앵무새,서울 성동구 서울숲9길 3 B1층-2층,매일 8-23시,0507-1466-2049,그릇에 그림그리는 성수동 신상 카페,37.54827983,127.0435624,0,0
97,진작다이님,서울 성동구 왕십리로14나길 10,매일 11시30분-21시,0507-1357-7415,시각 후각 미각으로 즐기는 퓨전요리,37.54931122,127.0456124,0,0
98,오사카하루,서울 송파구 올림픽로 32길 19-15,매일 12시-22시(15시-17시 브레이크타임),02-412-5388,석촌호수 와인 레스토랑 근사란한 생일파티장소,37.51475519,127.1101763,0,0
99,피플더 테라스,서울 강남구 도산대로81길 13,17시-22시(매주월요일 정기휴무),02-511-8113,프라이빗한 룸이 있는 청담 테라스바,37.52515199,127.0475936,0,0
100,캐치볼클럽,서울특별시 광진구 화양동 18-26,매일12시-21시30분(15시-17시30분 브레이크타임),02-464-3788,힙한 포토존이 가득한 신상 도넛 맛집,37.54754257,127.0701774,0,0
